<?xml version="1.0" encoding="UTF-8"?>
<project-private xmlns="http://www.netbeans.org/ns/project-private/1">
    <editor-bookmarks xmlns="http://www.netbeans.org/ns/editor-bookmarks/2" lastBookmarkId="0"/>
    <open-files xmlns="http://www.netbeans.org/ns/projectui-open-files/2">
        <group>
            <file>file:/C:/Users/ASUS%20E402B/Documents/NetBeansProjects/rio33/src/rio33/luas_segitiga.java</file>
            <file>file:/C:/Users/ASUS%20E402B/Documents/NetBeansProjects/rio33/src/rio33/luas_lingkaran.java</file>
            <file>file:/C:/Users/ASUS%20E402B/Documents/NetBeansProjects/rio33/src/rio33/Rio33.java</file>
            <file>file:/C:/Users/ASUS%20E402B/Documents/NetBeansProjects/rio33/src/rio33/luas_persegi_panjang.java</file>
        </group>
    </open-files>
</project-private>
